"station","year","species","original_total_count","adjusted_total_count","n_samples","total_area","original_density","adjusted_density"
"A7",1999,"Abra nitida",1,1,1,0.0225,44.4444444444444,44.4444444444444
"A7",1999,"Ampharetinae",1,1,1,0.0225,44.4444444444444,44.4444444444444
"A7",1999,"Chaetozone setosa",4,4,1,0.0225,177.777777777778,177.777777777778
"A7",1999,"Cossura longocirrata",1,1,1,0.0225,44.4444444444444,44.4444444444444
"A7",1999,"Ennucula tenuis",7,7,1,0.0225,311.111111111111,311.111111111111
"A7",1999,"Eteone longa",1,1,1,0.0225,44.4444444444444,44.4444444444444
"A7",1999,"Lanassa venusta",3,3,1,0.0225,133.333333333333,133.333333333333
"A7",1999,"Ophelina acuminata",2,2,1,0.0225,88.8888888888889,88.8888888888889
"A7",1999,"Pectinaria granulata",1,1,1,0.0225,44.4444444444444,44.4444444444444
"A7",1999,"Praxillella praetermissa",2,2,1,0.0225,88.8888888888889,88.8888888888889
"A7",1999,"Protomedeia fasciata",7,7,1,0.0225,311.111111111111,311.111111111111
"A7",1999,"Scalibregma inflatum",2,2,1,0.0225,88.8888888888889,88.8888888888889
"A7",1999,"Schistomeringos nigridentata",2,2,1,0.0225,88.8888888888889,88.8888888888889
"A7",1999,"Scoloplos armiger",2,2,1,0.0225,88.8888888888889,88.8888888888889
"A7",1999,"Spio",1,1,1,0.0225,44.4444444444444,44.4444444444444
"A7",1999,"Sternaspis scutata",1,1,1,0.0225,44.4444444444444,44.4444444444444
"A7",1999,"Terebellides stroemi",1,1,1,0.0225,44.4444444444444,44.4444444444444
"A7",2013,"Capitella capitata",17,24,2,0.08,212.5,300
"A7",2014,"Capitella capitata",201,804,3,0.12,1675,6700
"A7",2014,"Eteone longa",33,132,3,0.12,275,1100
"A7",2014,"Malacoceros fuliginosus",1,4,3,0.12,8.33333333333333,33.3333333333333
"A7",2014,"Microphthalmus aberrans",1,4,3,0.12,8.33333333333333,33.3333333333333
"A7",2014,"Spionidae",2,8,3,0.12,16.6666666666667,66.6666666666667
"A7",2015,"Aricidea suecica",1,4,3,0.12,8.33333333333333,33.3333333333333
"A7",2015,"Crenella",1,4,3,0.12,8.33333333333333,33.3333333333333
"A7",2015,"Eteone longa",3,6,3,0.12,25,50
"A7",2015,"Macoma calcarea",11,44,3,0.12,91.6666666666667,366.666666666667
"A7",2015,"Mediomastus fragilis",9,36,3,0.12,75,300
"A7",2015,"Microphthalmus aberrans",3,12,3,0.12,25,100
"A7",2015,"Mya arenaria",4,16,3,0.12,33.3333333333333,133.333333333333
"A7",2015,"Nepthys",1,1,3,0.12,8.33333333333333,8.33333333333333
"A7",2015,"Ophelina acuminata",2,8,3,0.12,16.6666666666667,66.6666666666667
"A7",2015,"Pectinaria koreni",1,4,3,0.12,8.33333333333333,33.3333333333333
"A7",2015,"Polydora",13,22,3,0.12,108.333333333333,183.333333333333
"A7",2015,"Scalibregma inflatum",2,5,3,0.12,16.6666666666667,41.6666666666667
"A7",2015,"Scoloplos armiger",1,4,3,0.12,8.33333333333333,33.3333333333333
"A7",2015,"Sphaerosyllis erinaceus",1,4,3,0.12,8.33333333333333,33.3333333333333
"A7",2015,"Spionidae",2,5,3,0.12,16.6666666666667,41.6666666666667
"A7",2016,"Ampharetidae",1,4,3,0.12,8.33333333333333,33.3333333333333
"A7",2016,"Amphipoda",1,4,3,0.12,8.33333333333333,33.3333333333333
"A7",2016,"Arctica islandica",3,12,3,0.12,25,100
"A7",2016,"Aricidea suecica",4,16,3,0.12,33.3333333333333,133.333333333333
"A7",2016,"Bivalvia",3,3,3,0.12,25,25
"A7",2016,"Capitella capitata",5,11,3,0.12,41.6666666666667,91.6666666666667
"A7",2016,"Capitellidae",3,12,3,0.12,25,100
"A7",2016,"Cardiidae",1,1,3,0.12,8.33333333333333,8.33333333333333
"A7",2016,"Chaetozone setosa",1,1,3,0.12,8.33333333333333,8.33333333333333
"A7",2016,"Cossura longocirrata",6,24,3,0.12,50,200
"A7",2016,"Crassicorophium bonellii",2,8,3,0.12,16.6666666666667,66.6666666666667
"A7",2016,"Eteone longa",1,1,3,0.12,8.33333333333333,8.33333333333333
"A7",2016,"Heteromastus filiformis",30,111,3,0.12,250,925
"A7",2016,"Macoma calcarea",11,41,3,0.12,91.6666666666667,341.666666666667
"A7",2016,"Maldanidae",19,49,3,0.12,158.333333333333,408.333333333333
"A7",2016,"Microphthalmus aberrans",1,4,3,0.12,8.33333333333333,33.3333333333333
"A7",2016,"Mya arenaria",14,35,3,0.12,116.666666666667,291.666666666667
"A7",2016,"Ophelina acuminata",68,146,3,0.12,566.666666666667,1216.66666666667
"A7",2016,"Paraonidae",1,4,3,0.12,8.33333333333333,33.3333333333333
"A7",2016,"Polychaeta",1,1,3,0.12,8.33333333333333,8.33333333333333
"A7",2016,"Polydora",31,76,3,0.12,258.333333333333,633.333333333333
"A7",2016,"Pseudopolydora antennata",1,4,3,0.12,8.33333333333333,33.3333333333333
"A7",2016,"Scalibregma inflatum",19,58,3,0.12,158.333333333333,483.333333333333
"A7",2016,"Scoloplos armiger",12,48,3,0.12,100,400
"A7",2016,"Serripes groenlandicus",2,5,3,0.12,16.6666666666667,41.6666666666667
"A7",2016,"Spio",1,4,3,0.12,8.33333333333333,33.3333333333333
"A7",2016,"Spionida",1,4,3,0.12,8.33333333333333,33.3333333333333
"A7",2016,"Spionidae",2,2,3,0.12,16.6666666666667,16.6666666666667
"A7",2016,"Syllis",1,4,3,0.12,8.33333333333333,33.3333333333333
"A7",2017,"Abra nitida",8,32,2,0.08,100,400
"A7",2017,"Arctica islandica",1,4,2,0.08,12.5,50
"A7",2017,"Aricidea suecica",3,12,2,0.08,37.5,150
"A7",2017,"Chaetozone setosa",7,28,2,0.08,87.5,350
"A7",2017,"Cossura longocirrata",1,4,2,0.08,12.5,50
"A7",2017,"Crassicorophium bonellii",2,8,2,0.08,25,100
"A7",2017,"Eteone longa",2,8,2,0.08,25,100
"A7",2017,"Harmothoe",2,8,2,0.08,25,100
"A7",2017,"Macoma calcarea",8,23,2,0.08,100,287.5
"A7",2017,"Mediomastus fragilis",8,32,2,0.08,100,400
"A7",2017,"Microphthalmus aberrans",4,16,2,0.08,50,200
"A7",2017,"Onoba aculeus",1,4,2,0.08,12.5,50
"A7",2017,"Ophelina acuminata",4,13,2,0.08,50,162.5
"A7",2017,"Polydora",1,4,2,0.08,12.5,50
"A7",2017,"Praxillella praetermissa",10,31,2,0.08,125,387.5
"A7",2017,"Priapulus caudatus",1,4,2,0.08,12.5,50
"A7",2017,"Scalibregma inflatum",50,176,2,0.08,625,2200
"A7",2017,"Scoloplos armiger",12,48,2,0.08,150,600
"A7",2017,"Spionidae",2,8,2,0.08,25,100
"A7",2017,"Terebellides stroemii",1,1,2,0.08,12.5,12.5
"A7",2017,"Thyasira flexuosa",1,4,2,0.08,12.5,50
"B0",2013,"Acarina",1,1,3,0.12,8.33333333333333,8.33333333333333
"B0",2013,"Capitella capitata",144,144,3,0.12,1200,1200
"B0",2013,"Chaetozone setosa",1,1,3,0.12,8.33333333333333,8.33333333333333
"B0",2013,"Crassicorophium bonellii",1,1,3,0.12,8.33333333333333,8.33333333333333
"B0",2013,"Eteone longa",12,12,3,0.12,100,100
"B0",2013,"Eunoe nodosa",2,2,3,0.12,16.6666666666667,16.6666666666667
"B0",2013,"Harmothoe",13,62,3,0.12,108.333333333333,516.666666666667
"B0",2013,"Harmothoe imbricata",3,3,3,0.12,25,25
"B0",2013,"Macoma calcarea",3,17,3,0.12,25,141.666666666667
"B0",2013,"Mediomastus fragilis",8,22,3,0.12,66.6666666666667,183.333333333333
"B0",2013,"Pectinaria granulata",4,4,3,0.12,33.3333333333333,33.3333333333333
"B0",2013,"Spionidae",6,13,3,0.12,50,108.333333333333
"B0",2014,"Acmaea testudinalis",1,1,3,0.12,8.33333333333333,8.33333333333333
"B0",2014,"Capitella capitata",1,1,3,0.12,8.33333333333333,8.33333333333333
"B0",2014,"Caprellidae",5,17,3,0.12,41.6666666666667,141.666666666667
"B0",2014,"Eteone longa",25,82,3,0.12,208.333333333333,683.333333333333
"B0",2014,"Gammarus",3,3,3,0.12,25,25
"B0",2014,"Harmothoe",26,47,3,0.12,216.666666666667,391.666666666667
"B0",2014,"Lacuna vincta",2,2,3,0.12,16.6666666666667,16.6666666666667
"B0",2014,"Macoma calcarea",3,6,3,0.12,25,50
"B0",2014,"Malacoceros fuliginosus",1,1,3,0.12,8.33333333333333,8.33333333333333
"B0",2014,"Mediomastus fragilis",1,1,3,0.12,8.33333333333333,8.33333333333333
"B0",2014,"Mya arenaria",1,1,3,0.12,8.33333333333333,8.33333333333333
"B0",2014,"Mytilidae",6,6,3,0.12,50,50
"B0",2014,"Naineris quadricuspida",28,28,3,0.12,233.333333333333,233.333333333333
"B0",2014,"Nudibranchia",1,1,3,0.12,8.33333333333333,8.33333333333333
"B0",2014,"Onoba aculeus",6,9,3,0.12,50,75
"B0",2014,"Pectinaria granulata",3,3,3,0.12,25,25
"B0",2014,"Phyllodoce maculata",6,9,3,0.12,50,75
"B0",2014,"Polydora",2,5,3,0.12,16.6666666666667,41.6666666666667
"B0",2014,"Protomedeia fasciata",2,5,3,0.12,16.6666666666667,41.6666666666667
"B0",2014,"Sphaerosyllis erinaceus",2,2,3,0.12,16.6666666666667,16.6666666666667
"B0",2014,"Spionidae",13,31,3,0.12,108.333333333333,258.333333333333
"B5",1999,"Abra nitida",1,1,1,0.0225,44.4444444444444,44.4444444444444
"B5",1999,"Ampharetinae",4,4,1,0.0225,177.777777777778,177.777777777778
"B5",1999,"Apistobranchus tullbergi",4,4,1,0.0225,177.777777777778,177.777777777778
"B5",1999,"Arctica islandica",4,4,1,0.0225,177.777777777778,177.777777777778
"B5",1999,"Chaetozone setosa",39,39,1,0.0225,1733.33333333333,1733.33333333333
"B5",1999,"Dodecaceria concharum",8,8,1,0.0225,355.555555555556,355.555555555556
"B5",1999,"Ennucula tenuis",32,32,1,0.0225,1422.22222222222,1422.22222222222
"B5",1999,"Lanassa venusta",4,4,1,0.0225,177.777777777778,177.777777777778
"B5",1999,"Macoma calcarea",10,10,1,0.0225,444.444444444444,444.444444444444
"B5",1999,"Microphthalmus aberrans",8,8,1,0.0225,355.555555555556,355.555555555556
"B5",1999,"Myriochele oculata",4,4,1,0.0225,177.777777777778,177.777777777778
"B5",1999,"Mytilus edulis",20,20,1,0.0225,888.888888888889,888.888888888889
"B5",1999,"Ophiuroidea",1,1,1,0.0225,44.4444444444444,44.4444444444444
"B5",1999,"Pectinaria granulata",12,12,1,0.0225,533.333333333333,533.333333333333
"B5",1999,"Pholoe minuta",4,4,1,0.0225,177.777777777778,177.777777777778
"B5",1999,"Praxillella praetermissa",4,4,1,0.0225,177.777777777778,177.777777777778
"B5",1999,"Priapulus caudatus",4,4,1,0.0225,177.777777777778,177.777777777778
"B5",1999,"Scalibregma inflatum",50,50,1,0.0225,2222.22222222222,2222.22222222222
"B5",1999,"Schistomeringos nigridentata",16,16,1,0.0225,711.111111111111,711.111111111111
"B5",1999,"Scoloplos armiger",9,9,1,0.0225,400,400
"B5",1999,"Spio",1,1,1,0.0225,44.4444444444444,44.4444444444444
"B5",1999,"Sternaspis scutata",10,10,1,0.0225,444.444444444444,444.444444444444
"B5",1999,"Terebellides stroemi",25,25,1,0.0225,1111.11111111111,1111.11111111111
"B5",1999,"Thyasira flexuosa",4,4,1,0.0225,177.777777777778,177.777777777778
"B5",1999,"Yoldia hyperborea",3,3,1,0.0225,133.333333333333,133.333333333333
"B5",2013,"Acarina",1,8,3,0.12,8.33333333333333,66.6666666666667
"B5",2013,"Capitella capitata",712,1247,3,0.12,5933.33333333333,10391.6666666667
"B5",2013,"Microphthalmus aberrans",3,3,3,0.12,25,25
"B5",2013,"Spionidae",3,3,3,0.12,25,25
"B5",2014,"Amphipoda",7,7,3,0.12,58.3333333333333,58.3333333333333
"B5",2014,"Capitella capitata",156,156,3,0.12,1300,1300
"B5",2014,"Chaetozone setosa",1,1,3,0.12,8.33333333333333,8.33333333333333
"B5",2014,"Cirratulus cirratus",1,1,3,0.12,8.33333333333333,8.33333333333333
"B5",2014,"Ennucula tenuis",1,1,3,0.12,8.33333333333333,8.33333333333333
"B5",2014,"Eteone longa",68,68,3,0.12,566.666666666667,566.666666666667
"B5",2014,"Euchone",1,1,3,0.12,8.33333333333333,8.33333333333333
"B5",2014,"Harmothoe",5,5,3,0.12,41.6666666666667,41.6666666666667
"B5",2014,"Lanassa venusta",1,1,3,0.12,8.33333333333333,8.33333333333333
"B5",2014,"Macoma calcarea",1,1,3,0.12,8.33333333333333,8.33333333333333
"B5",2014,"Malacoceros fuliginosus",58,58,3,0.12,483.333333333333,483.333333333333
"B5",2014,"Microphthalmus aberrans",3,3,3,0.12,25,25
"B5",2014,"Phyllodoce maculata",4,4,3,0.12,33.3333333333333,33.3333333333333
"B5",2014,"Polydora",2,2,3,0.12,16.6666666666667,16.6666666666667
"B5",2014,"Priapulus caudatus",2,2,3,0.12,16.6666666666667,16.6666666666667
"B5",2014,"Scoloplos armiger",1,1,3,0.12,8.33333333333333,8.33333333333333
"B5",2014,"Sphaerosyllis erinaceus",1,1,3,0.12,8.33333333333333,8.33333333333333
"B5",2014,"Spionidae",37,37,3,0.12,308.333333333333,308.333333333333
"B5",2015,"Capitella capitata",1,4,3,0.12,8.33333333333333,33.3333333333333
"B5",2015,"Chaetozone setosa",4,16,3,0.12,33.3333333333333,133.333333333333
"B5",2015,"Cirratulus cirratus",1,4,3,0.12,8.33333333333333,33.3333333333333
"B5",2015,"Ennucula tenuis",3,12,3,0.12,25,100
"B5",2015,"Eteone longa",4,10,3,0.12,33.3333333333333,83.3333333333333
"B5",2015,"Lanassa venusta",5,20,3,0.12,41.6666666666667,166.666666666667
"B5",2015,"Macoma calcarea",33,132,3,0.12,275,1100
"B5",2015,"Mediomastus fragilis",19,76,3,0.12,158.333333333333,633.333333333333
"B5",2015,"Microphthalmus aberrans",5,20,3,0.12,41.6666666666667,166.666666666667
"B5",2015,"Mya arenaria",2,8,3,0.12,16.6666666666667,66.6666666666667
"B5",2015,"Mytilidae",7,28,3,0.12,58.3333333333333,233.333333333333
"B5",2015,"Ophelina acuminata",34,118,3,0.12,283.333333333333,983.333333333333
"B5",2015,"Pectinaria koreni",2,2,3,0.12,16.6666666666667,16.6666666666667
"B5",2015,"Polydora",8,23,3,0.12,66.6666666666667,191.666666666667
"B5",2015,"Praxillella praetermissa",1,1,3,0.12,8.33333333333333,8.33333333333333
"B5",2015,"Priapulus caudatus",1,4,3,0.12,8.33333333333333,33.3333333333333
"B5",2015,"Scalibregma inflatum",2,2,3,0.12,16.6666666666667,16.6666666666667
"B5",2015,"Scoloplos armiger",9,30,3,0.12,75,250
"B5",2015,"Spionidae",9,36,3,0.12,75,300
"B5",2016,"Arctica islandica",1,4,3,0.12,8.33333333333333,33.3333333333333
"B5",2016,"Aricidea suecica",3,12,3,0.12,25,100
"B5",2016,"Capitellidae",1,4,3,0.12,8.33333333333333,33.3333333333333
"B5",2016,"Cardium",1,4,3,0.12,8.33333333333333,33.3333333333333
"B5",2016,"Chaetozone setosa",10,40,3,0.12,83.3333333333333,333.333333333333
"B5",2016,"Cirratulidae",1,4,3,0.12,8.33333333333333,33.3333333333333
"B5",2016,"Cossura longocirrata",5,20,3,0.12,41.6666666666667,166.666666666667
"B5",2016,"Ennucula tenuis",8,32,3,0.12,66.6666666666667,266.666666666667
"B5",2016,"Heteromastus filiformis",11,44,3,0.12,91.6666666666667,366.666666666667
"B5",2016,"Levinsenia gracilis",1,4,3,0.12,8.33333333333333,33.3333333333333
"B5",2016,"Macoma calcarea",19,70,3,0.12,158.333333333333,583.333333333333
"B5",2016,"Maldanidae",8,29,3,0.12,66.6666666666667,241.666666666667
"B5",2016,"Microphthalmus aberrans",2,8,3,0.12,16.6666666666667,66.6666666666667
"B5",2016,"Mya arenaria",1,4,3,0.12,8.33333333333333,33.3333333333333
"B5",2016,"Nuculana pernula",3,12,3,0.12,25,100
"B5",2016,"Ophelina acuminata",73,289,3,0.12,608.333333333333,2408.33333333333
"B5",2016,"Polychaeta",3,12,3,0.12,25,100
"B5",2016,"Polydora",2,5,3,0.12,16.6666666666667,41.6666666666667
"B5",2016,"Sabellidae",1,4,3,0.12,8.33333333333333,33.3333333333333
"B5",2016,"Scalibregma inflatum",5,17,3,0.12,41.6666666666667,141.666666666667
"B5",2016,"Spio",6,24,3,0.12,50,200
"B5",2016,"Spionidae",4,13,3,0.12,33.3333333333333,108.333333333333
"B5",2016,"scalibregma inflatum",6,24,3,0.12,50,200
"B5",2017,"Abra nitida",18,72,3,0.12,150,600
"B5",2017,"Acanthocardia echinata",1,1,3,0.12,8.33333333333333,8.33333333333333
"B5",2017,"Arctica islandica",1,4,3,0.12,8.33333333333333,33.3333333333333
"B5",2017,"Aricidea suecica",5,20,3,0.12,41.6666666666667,166.666666666667
"B5",2017,"Chaetozone setosa",6,24,3,0.12,50,200
"B5",2017,"Cossura longocirrata",4,16,3,0.12,33.3333333333333,133.333333333333
"B5",2017,"Cossura pygodactylata",2,8,3,0.12,16.6666666666667,66.6666666666667
"B5",2017,"Ennucula tenuis",1,4,3,0.12,8.33333333333333,33.3333333333333
"B5",2017,"Eteone longa",3,12,3,0.12,25,100
"B5",2017,"Lanassa venusta",2,8,3,0.12,16.6666666666667,66.6666666666667
"B5",2017,"Macoma calcarea",61,121,3,0.12,508.333333333333,1008.33333333333
"B5",2017,"Mediomastus fragilis",16,64,3,0.12,133.333333333333,533.333333333333
"B5",2017,"Microphthalmus aberrans",1,4,3,0.12,8.33333333333333,33.3333333333333
"B5",2017,"Nepthys",1,1,3,0.12,8.33333333333333,8.33333333333333
"B5",2017,"Notomastus latericeus",1,4,3,0.12,8.33333333333333,33.3333333333333
"B5",2017,"Ophelina acuminata",13,49,3,0.12,108.333333333333,408.333333333333
"B5",2017,"Pectinaria koreni",2,8,3,0.12,16.6666666666667,66.6666666666667
"B5",2017,"Polydora",2,8,3,0.12,16.6666666666667,66.6666666666667
"B5",2017,"Praxillella praetermissa",13,34,3,0.12,108.333333333333,283.333333333333
"B5",2017,"Priapulus caudatus",1,4,3,0.12,8.33333333333333,33.3333333333333
"B5",2017,"Pycnogonida",1,4,3,0.12,8.33333333333333,33.3333333333333
"B5",2017,"Scalibregma inflatum",6,15,3,0.12,50,125
"B5",2017,"Scoloplos armiger",21,78,3,0.12,175,650
"B5",2017,"Serripes groenlandicus",1,4,3,0.12,8.33333333333333,33.3333333333333
"B5",2017,"Spionidae",2,5,3,0.12,16.6666666666667,41.6666666666667
"B5",2017,"Thyasira flexuosa",5,20,3,0.12,41.6666666666667,166.666666666667
"B8",1999,"Abra nitida",2,2,1,0.0225,88.8888888888889,88.8888888888889
"B8",1999,"Ampharetinae",1,1,1,0.0225,44.4444444444444,44.4444444444444
"B8",1999,"Apistobranchus tullbergi",1,1,1,0.0225,44.4444444444444,44.4444444444444
"B8",1999,"Arctica islandica",9,9,1,0.0225,400,400
"B8",1999,"Buccinum undatum",1,1,1,0.0225,44.4444444444444,44.4444444444444
"B8",1999,"Chaetozone setosa",7,7,1,0.0225,311.111111111111,311.111111111111
"B8",1999,"Cossura longocirrata",29,29,1,0.0225,1288.88888888889,1288.88888888889
"B8",1999,"Crenella decussata",2,2,1,0.0225,88.8888888888889,88.8888888888889
"B8",1999,"Ennucula tenuis",25,25,1,0.0225,1111.11111111111,1111.11111111111
"B8",1999,"Eteone longa",2,2,1,0.0225,88.8888888888889,88.8888888888889
"B8",1999,"Lanassa venusta",2,2,1,0.0225,88.8888888888889,88.8888888888889
"B8",1999,"Leda pernula",3,3,1,0.0225,133.333333333333,133.333333333333
"B8",1999,"Leucon acutirostris",2,2,1,0.0225,88.8888888888889,88.8888888888889
"B8",1999,"Lumbrineris",1,1,1,0.0225,44.4444444444444,44.4444444444444
"B8",1999,"Macoma calcarea",3,3,1,0.0225,133.333333333333,133.333333333333
"B8",1999,"Mytilus edulis",3,3,1,0.0225,133.333333333333,133.333333333333
"B8",1999,"Ophelina acuminata",6,6,1,0.0225,266.666666666667,266.666666666667
"B8",1999,"Pectinaria granulata",2,2,1,0.0225,88.8888888888889,88.8888888888889
"B8",1999,"Praxillella praetermissa",3,3,1,0.0225,133.333333333333,133.333333333333
"B8",1999,"Protomedeia fasciata",21,21,1,0.0225,933.333333333333,933.333333333333
"B8",1999,"Retusa pertenuis",1,1,1,0.0225,44.4444444444444,44.4444444444444
"B8",1999,"Scalibregma inflatum",19,19,1,0.0225,844.444444444444,844.444444444444
"B8",1999,"Scoloplos armiger",4,4,1,0.0225,177.777777777778,177.777777777778
"B8",1999,"Spio",1,1,1,0.0225,44.4444444444444,44.4444444444444
"B8",1999,"Sternaspis scutata",3,3,1,0.0225,133.333333333333,133.333333333333
"B8",1999,"Syllis gracilis",2,2,1,0.0225,88.8888888888889,88.8888888888889
"B8",1999,"Terebellides stroemi",3,3,1,0.0225,133.333333333333,133.333333333333
"B8",1999,"Thracia villosiuscula",2,2,1,0.0225,88.8888888888889,88.8888888888889
"B8",1999,"Yoldia hyperborea",1,1,1,0.0225,44.4444444444444,44.4444444444444
"B8",2013,"Capitella capitata",169,343,3,0.12,1408.33333333333,2858.33333333333
"B8",2013,"Eteone longa",1,8,3,0.12,8.33333333333333,66.6666666666667
"B8",2013,"Microphthalmus aberrans",1,8,3,0.12,8.33333333333333,66.6666666666667
"B8",2014,"Capitella capitata",95,374,3,0.12,791.666666666667,3116.66666666667
"B8",2014,"Eteone longa",7,28,3,0.12,58.3333333333333,233.333333333333
"B8",2014,"Microphthalmus aberrans",3,12,3,0.12,25,100
"B8",2014,"Mya truncata",1,4,3,0.12,8.33333333333333,33.3333333333333
"B8",2014,"Mytilus edulis",1,1,3,0.12,8.33333333333333,8.33333333333333
"B8",2014,"Spionidae",1,4,3,0.12,8.33333333333333,33.3333333333333
"B8",2015,"Bivalvia",1,4,3,0.12,8.33333333333333,33.3333333333333
"B8",2015,"Chaetozone setosa",1,4,3,0.12,8.33333333333333,33.3333333333333
"B8",2015,"Eteone longa",3,6,3,0.12,25,50
"B8",2015,"Macoma calcarea",15,60,3,0.12,125,500
"B8",2015,"Mediomastus fragilis",16,61,3,0.12,133.333333333333,508.333333333333
"B8",2015,"Mya",2,8,3,0.12,16.6666666666667,66.6666666666667
"B8",2015,"Mya arenaria",2,8,3,0.12,16.6666666666667,66.6666666666667
"B8",2015,"Ophelina acuminata",5,17,3,0.12,41.6666666666667,141.666666666667
"B8",2015,"Pectinaria koreni",2,2,3,0.12,16.6666666666667,16.6666666666667
"B8",2015,"Polydora",11,17,3,0.12,91.6666666666667,141.666666666667
"B8",2015,"Scoloplos armiger",6,21,3,0.12,50,175
"B8",2015,"Spionidae",4,16,3,0.12,33.3333333333333,133.333333333333
"B8",2015,"Terebellidae",1,4,3,0.12,8.33333333333333,33.3333333333333
"B8",2016,"Abra nitida",10,40,3,0.12,83.3333333333333,333.333333333333
"B8",2016,"Amphipoda",3,12,3,0.12,25,100
"B8",2016,"Arctica islandica",12,48,3,0.12,100,400
"B8",2016,"Aricidea",2,8,3,0.12,16.6666666666667,66.6666666666667
"B8",2016,"Aricidea suecica",1,4,3,0.12,8.33333333333333,33.3333333333333
"B8",2016,"Bivalvia",8,20,3,0.12,66.6666666666667,166.666666666667
"B8",2016,"Capitellidae",1,4,3,0.12,8.33333333333333,33.3333333333333
"B8",2016,"Cossura longocirrata",1,4,3,0.12,8.33333333333333,33.3333333333333
"B8",2016,"Dorvilleidae",1,4,3,0.12,8.33333333333333,33.3333333333333
"B8",2016,"Ennucula tenuis",6,24,3,0.12,50,200
"B8",2016,"Eteone longa",2,8,3,0.12,16.6666666666667,66.6666666666667
"B8",2016,"Heteromastus filiformis",26,77,3,0.12,216.666666666667,641.666666666667
"B8",2016,"Lanassa venusta",1,4,3,0.12,8.33333333333333,33.3333333333333
"B8",2016,"Leaena ebranchiata",1,1,3,0.12,8.33333333333333,8.33333333333333
"B8",2016,"Lumbrineridae",1,4,3,0.12,8.33333333333333,33.3333333333333
"B8",2016,"Macoma calcarea",34,136,3,0.12,283.333333333333,1133.33333333333
"B8",2016,"Maldanidae",13,31,3,0.12,108.333333333333,258.333333333333
"B8",2016,"Mya arenaria",20,80,3,0.12,166.666666666667,666.666666666667
"B8",2016,"Nuculana minuta",1,4,3,0.12,8.33333333333333,33.3333333333333
"B8",2016,"Nuculana pernula",10,40,3,0.12,83.3333333333333,333.333333333333
"B8",2016,"Ophelina acuminata",89,107,3,0.12,741.666666666667,891.666666666667
"B8",2016,"Parvicardium minimum",4,16,3,0.12,33.3333333333333,133.333333333333
"B8",2016,"Pectinaria koreni",1,1,3,0.12,8.33333333333333,8.33333333333333
"B8",2016,"Pectinariidae",1,4,3,0.12,8.33333333333333,33.3333333333333
"B8",2016,"Pholoe",2,8,3,0.12,16.6666666666667,66.6666666666667
"B8",2016,"Polychaeta",5,11,3,0.12,41.6666666666667,91.6666666666667
"B8",2016,"Polydora",60,123,3,0.12,500,1025
"B8",2016,"Praxillella praetermissa",7,13,3,0.12,58.3333333333333,108.333333333333
"B8",2016,"Priapulidae",2,5,3,0.12,16.6666666666667,41.6666666666667
"B8",2016,"Sabellidae",1,4,3,0.12,8.33333333333333,33.3333333333333
"B8",2016,"Scalibregma inflatum",7,10,3,0.12,58.3333333333333,83.3333333333333
"B8",2016,"Scoloplos armiger",8,20,3,0.12,66.6666666666667,166.666666666667
"B8",2016,"Serripes groenlandicus",1,4,3,0.12,8.33333333333333,33.3333333333333
"B8",2016,"Sphaerodoropsis minuta",1,4,3,0.12,8.33333333333333,33.3333333333333
"B8",2016,"Spio filicornis",1,1,3,0.12,8.33333333333333,8.33333333333333
"B8",2016,"Spionida",5,20,3,0.12,41.6666666666667,166.666666666667
"B8",2016,"Spionidae",5,8,3,0.12,41.6666666666667,66.6666666666667
"B8",2016,"harpacticoida",3,12,3,0.12,25,100
"B8",2016,"priapulidae",1,4,3,0.12,8.33333333333333,33.3333333333333
"B8",2017,"Abra nitida",17,68,3,0.12,141.666666666667,566.666666666667
"B8",2017,"Ampharete",1,4,3,0.12,8.33333333333333,33.3333333333333
"B8",2017,"Amphipoda",3,12,3,0.12,25,100
"B8",2017,"Apistobranchus tullbergi",1,4,3,0.12,8.33333333333333,33.3333333333333
"B8",2017,"Arctica islandica",5,20,3,0.12,41.6666666666667,166.666666666667
"B8",2017,"Chaetozone setosa",5,20,3,0.12,41.6666666666667,166.666666666667
"B8",2017,"Cossura longocirrata",3,12,3,0.12,25,100
"B8",2017,"Crassicorophium bonellii",1,4,3,0.12,8.33333333333333,33.3333333333333
"B8",2017,"Macoma calcarea",31,124,3,0.12,258.333333333333,1033.33333333333
"B8",2017,"Mediomastus fragilis",16,64,3,0.12,133.333333333333,533.333333333333
"B8",2017,"Microphthalmus aberrans",1,4,3,0.12,8.33333333333333,33.3333333333333
"B8",2017,"Mya",4,16,3,0.12,33.3333333333333,133.333333333333
"B8",2017,"Mya arenaria",1,4,3,0.12,8.33333333333333,33.3333333333333
"B8",2017,"Mytilidae",2,8,3,0.12,16.6666666666667,66.6666666666667
"B8",2017,"Ophelina acuminata",12,33,3,0.12,100,275
"B8",2017,"Opisthobranchia",1,4,3,0.12,8.33333333333333,33.3333333333333
"B8",2017,"Polydora",5,20,3,0.12,41.6666666666667,166.666666666667
"B8",2017,"Praxillella praetermissa",12,27,3,0.12,100,225
"B8",2017,"Priapulus caudatus",1,4,3,0.12,8.33333333333333,33.3333333333333
"B8",2017,"Scalibregma inflatum",75,261,3,0.12,625,2175
"B8",2017,"Scoloplos armiger",10,40,3,0.12,83.3333333333333,333.333333333333
"C4",1999,"Abra nitida",1,1,1,0.0225,44.4444444444444,44.4444444444444
"C4",1999,"Ampharetinae",4,4,1,0.0225,177.777777777778,177.777777777778
"C4",1999,"Caprella septentrionalis",2,2,1,0.0225,88.8888888888889,88.8888888888889
"C4",1999,"Chaetozone setosa",2,2,1,0.0225,88.8888888888889,88.8888888888889
"C4",1999,"Ennucula tenuis",10,10,1,0.0225,444.444444444444,444.444444444444
"C4",1999,"Lanassa venusta",1,1,1,0.0225,44.4444444444444,44.4444444444444
"C4",1999,"Leucon acutirostris",12,12,1,0.0225,533.333333333333,533.333333333333
"C4",1999,"Macoma calcarea",7,7,1,0.0225,311.111111111111,311.111111111111
"C4",1999,"Munna",2,2,1,0.0225,88.8888888888889,88.8888888888889
"C4",1999,"Musculus discors",4,4,1,0.0225,177.777777777778,177.777777777778
"C4",1999,"Myriochele oculata",2,2,1,0.0225,88.8888888888889,88.8888888888889
"C4",1999,"Mytilus edulis",28,28,1,0.0225,1244.44444444444,1244.44444444444
"C4",1999,"Onoba aculeus",4,4,1,0.0225,177.777777777778,177.777777777778
"C4",1999,"Ophelina acuminata",17,17,1,0.0225,755.555555555556,755.555555555556
"C4",1999,"Paroediceros lynceus",3,3,1,0.0225,133.333333333333,133.333333333333
"C4",1999,"Pectinaria granulata",8,8,1,0.0225,355.555555555556,355.555555555556
"C4",1999,"Pholoe minuta",1,1,1,0.0225,44.4444444444444,44.4444444444444
"C4",1999,"Protomedeia fasciata",5,5,1,0.0225,222.222222222222,222.222222222222
"C4",1999,"Retusa pertenuis",2,2,1,0.0225,88.8888888888889,88.8888888888889
"C4",1999,"Scalibregma inflatum",7,7,1,0.0225,311.111111111111,311.111111111111
"C4",1999,"Scoloplos armiger",6,6,1,0.0225,266.666666666667,266.666666666667
"C4",1999,"Spio",6,6,1,0.0225,266.666666666667,266.666666666667
"C4",1999,"Yoldia hyperborea",1,1,1,0.0225,44.4444444444444,44.4444444444444
"C4",2013,"Arctica islandica",1,8,3,0.12,8.33333333333333,66.6666666666667
"C4",2013,"Aricidea suecica",3,17,3,0.12,25,141.666666666667
"C4",2013,"Capitella capitata",571,914,3,0.12,4758.33333333333,7616.66666666667
"C4",2013,"Chaetozone setosa",21,35,3,0.12,175,291.666666666667
"C4",2013,"Eteone longa",10,17,3,0.12,83.3333333333333,141.666666666667
"C4",2013,"Eunoe nodosa",10,10,3,0.12,83.3333333333333,83.3333333333333
"C4",2013,"Harmothoe",8,22,3,0.12,66.6666666666667,183.333333333333
"C4",2013,"Harmothoe extenuata",2,2,3,0.12,16.6666666666667,16.6666666666667
"C4",2013,"Harmothoe imbricata",1,1,3,0.12,8.33333333333333,8.33333333333333
"C4",2013,"Mediomastus fragilis",1,8,3,0.12,8.33333333333333,66.6666666666667
"C4",2013,"Microphthalmus aberrans",9,65,3,0.12,75,541.666666666667
"C4",2013,"Scoloplos armiger",3,3,3,0.12,25,25
"C4",2013,"Spionidae",189,259,3,0.12,1575,2158.33333333333
"C4",2014,"Arctica islandica",1,1,3,0.12,8.33333333333333,8.33333333333333
"C4",2014,"Arenicola marina",2,2,3,0.12,16.6666666666667,16.6666666666667
"C4",2014,"Capitella capitata",3,9,3,0.12,25,75
"C4",2014,"Chaetozone setosa",4,7,3,0.12,33.3333333333333,58.3333333333333
"C4",2014,"Cirratulus cirratus",1,4,3,0.12,8.33333333333333,33.3333333333333
"C4",2014,"Ennucula tenuis",2,2,3,0.12,16.6666666666667,16.6666666666667
"C4",2014,"Eteone longa",63,102,3,0.12,525,850
"C4",2014,"Harmothoe",5,14,3,0.12,41.6666666666667,116.666666666667
"C4",2014,"Macoma calcarea",8,26,3,0.12,66.6666666666667,216.666666666667
"C4",2014,"Mediomastus fragilis",2,2,3,0.12,16.6666666666667,16.6666666666667
"C4",2014,"Microphthalmus aberrans",8,26,3,0.12,66.6666666666667,216.666666666667
"C4",2014,"Mytilidae",4,16,3,0.12,33.3333333333333,133.333333333333
"C4",2014,"Ophelina acuminata",1,1,3,0.12,8.33333333333333,8.33333333333333
"C4",2014,"Pectinaria koreni",1,4,3,0.12,8.33333333333333,33.3333333333333
"C4",2014,"Phyllodoce maculata",5,8,3,0.12,41.6666666666667,66.6666666666667
"C4",2014,"Scoloplos armiger",4,10,3,0.12,33.3333333333333,83.3333333333333
"C4",2014,"Spionidae",19,55,3,0.12,158.333333333333,458.333333333333
"C4",2014,"Syllis cornuta",3,6,3,0.12,25,50
"C4",2015,"Arenicola marina",1,1,3,0.12,8.33333333333333,8.33333333333333
"C4",2015,"Chaetozone setosa",14,53,3,0.12,116.666666666667,441.666666666667
"C4",2015,"Cirratulus cirratus",1,4,3,0.12,8.33333333333333,33.3333333333333
"C4",2015,"Crenella",1,4,3,0.12,8.33333333333333,33.3333333333333
"C4",2015,"Eteone longa",17,50,3,0.12,141.666666666667,416.666666666667
"C4",2015,"Galathowenia oculata",1,1,3,0.12,8.33333333333333,8.33333333333333
"C4",2015,"Harmothoe",1,4,3,0.12,8.33333333333333,33.3333333333333
"C4",2015,"Macoma calcarea",38,146,3,0.12,316.666666666667,1216.66666666667
"C4",2015,"Mediomastus fragilis",17,65,3,0.12,141.666666666667,541.666666666667
"C4",2015,"Microphthalmus aberrans",7,25,3,0.12,58.3333333333333,208.333333333333
"C4",2015,"Mya arenaria",4,16,3,0.12,33.3333333333333,133.333333333333
"C4",2015,"Mytilidae",4,16,3,0.12,33.3333333333333,133.333333333333
"C4",2015,"Nepthys",1,1,3,0.12,8.33333333333333,8.33333333333333
"C4",2015,"Ophelina acuminata",39,123,3,0.12,325,1025
"C4",2015,"Pectinaria koreni",4,4,3,0.12,33.3333333333333,33.3333333333333
"C4",2015,"Pholoe",1,4,3,0.12,8.33333333333333,33.3333333333333
"C4",2015,"Polydora",2,8,3,0.12,16.6666666666667,66.6666666666667
"C4",2015,"Scalibregma inflatum",1,1,3,0.12,8.33333333333333,8.33333333333333
"C4",2015,"Scoloplos armiger",28,100,3,0.12,233.333333333333,833.333333333333
"C4",2015,"Sipunculida",1,4,3,0.12,8.33333333333333,33.3333333333333
"C4",2015,"Spionidae",23,89,3,0.12,191.666666666667,741.666666666667
"C4",2015,"Syllis cornuta",1,4,3,0.12,8.33333333333333,33.3333333333333
"C4",2016,"Abra prismatica",1,4,3,0.12,8.33333333333333,33.3333333333333
"C4",2016,"Amphipoda",2,8,3,0.12,16.6666666666667,66.6666666666667
"C4",2016,"Arctica islandica",1,1,3,0.12,8.33333333333333,8.33333333333333
"C4",2016,"Aricidea suecica",4,16,3,0.12,33.3333333333333,133.333333333333
"C4",2016,"Chaetozone setosa",12,48,3,0.12,100,400
"C4",2016,"Cirratulidae",4,16,3,0.12,33.3333333333333,133.333333333333
"C4",2016,"Cistenides granulata",2,8,3,0.12,16.6666666666667,66.6666666666667
"C4",2016,"Eteone longa",5,20,3,0.12,41.6666666666667,166.666666666667
"C4",2016,"Heteromastus filiformis",4,16,3,0.12,33.3333333333333,133.333333333333
"C4",2016,"Kurtiella bidentata",3,12,3,0.12,25,100
"C4",2016,"Macoma calcarea",41,164,3,0.12,341.666666666667,1366.66666666667
"C4",2016,"Mediomastus fragilis",7,28,3,0.12,58.3333333333333,233.333333333333
"C4",2016,"Microphthalmus aberrans",2,8,3,0.12,16.6666666666667,66.6666666666667
"C4",2016,"Mytilidae",2,8,3,0.12,16.6666666666667,66.6666666666667
"C4",2016,"Nephtyidae",1,1,3,0.12,8.33333333333333,8.33333333333333
"C4",2016,"Nephtys",1,1,3,0.12,8.33333333333333,8.33333333333333
"C4",2016,"Nuculana minuta",3,12,3,0.12,25,100
"C4",2016,"Nuculana pernula",2,8,3,0.12,16.6666666666667,66.6666666666667
"C4",2016,"Ophelina acuminata",105,417,3,0.12,875,3475
"C4",2016,"Polydora",3,12,3,0.12,25,100
"C4",2016,"Priapulidae",4,13,3,0.12,33.3333333333333,108.333333333333
"C4",2016,"Scalibregma inflatum",7,28,3,0.12,58.3333333333333,233.333333333333
"C4",2016,"Scoloplos armiger",36,141,3,0.12,300,1175
"C4",2016,"Spionidae",18,69,3,0.12,150,575
"C4",2016,"Terebellidae",1,4,3,0.12,8.33333333333333,33.3333333333333
"C4",2017,"Abra nitida",8,32,3,0.12,66.6666666666667,266.666666666667
"C4",2017,"Amphipoda",1,4,3,0.12,8.33333333333333,33.3333333333333
"C4",2017,"Arenicola marina",1,4,3,0.12,8.33333333333333,33.3333333333333
"C4",2017,"Aricidea suecica",1,4,3,0.12,8.33333333333333,33.3333333333333
"C4",2017,"Chaetozone setosa",24,96,3,0.12,200,800
"C4",2017,"Ennucula tenuis",1,4,3,0.12,8.33333333333333,33.3333333333333
"C4",2017,"Eteone longa",6,24,3,0.12,50,200
"C4",2017,"Harmothoe",1,4,3,0.12,8.33333333333333,33.3333333333333
"C4",2017,"Macoma calcarea",35,134,3,0.12,291.666666666667,1116.66666666667
"C4",2017,"Mediomastus fragilis",13,52,3,0.12,108.333333333333,433.333333333333
"C4",2017,"Microphthalmus aberrans",5,20,3,0.12,41.6666666666667,166.666666666667
"C4",2017,"Mya arenaria",1,4,3,0.12,8.33333333333333,33.3333333333333
"C4",2017,"Nepthys",2,2,3,0.12,16.6666666666667,16.6666666666667
"C4",2017,"Ophelina acuminata",48,192,3,0.12,400,1600
"C4",2017,"Pectinaria koreni",4,10,3,0.12,33.3333333333333,83.3333333333333
"C4",2017,"Polydora",4,13,3,0.12,33.3333333333333,108.333333333333
"C4",2017,"Priapulus caudatus",3,12,3,0.12,25,100
"C4",2017,"Protomedeia fasciata",1,4,3,0.12,8.33333333333333,33.3333333333333
"C4",2017,"Scalibregma inflatum",12,36,3,0.12,100,300
"C4",2017,"Scoloplos armiger",22,85,3,0.12,183.333333333333,708.333333333333
"C4",2017,"Spionidae",3,12,3,0.12,25,100
"C4",2017,"Syllis cornuta",1,4,3,0.12,8.33333333333333,33.3333333333333
"E3",1999,"Ampharete acutifrons",14,14,1,0.0225,622.222222222222,622.222222222222
"E3",1999,"Apistobranchus tullbergi",5,5,1,0.0225,222.222222222222,222.222222222222
"E3",1999,"Arctica islandica",3,3,1,0.0225,133.333333333333,133.333333333333
"E3",1999,"Astarte",4,4,1,0.0225,177.777777777778,177.777777777778
"E3",1999,"Chaetozone setosa",6,6,1,0.0225,266.666666666667,266.666666666667
"E3",1999,"Cirratulus cirratus",1,1,1,0.0225,44.4444444444444,44.4444444444444
"E3",1999,"Cossura longocirrata",14,14,1,0.0225,622.222222222222,622.222222222222
"E3",1999,"Crassicorophium bonellii",8,8,1,0.0225,355.555555555556,355.555555555556
"E3",1999,"Crenella decussata",1,1,1,0.0225,44.4444444444444,44.4444444444444
"E3",1999,"Ennucula tenuis",5,5,1,0.0225,222.222222222222,222.222222222222
"E3",1999,"Eteone longa",3,3,1,0.0225,133.333333333333,133.333333333333
"E3",1999,"Eudorella emarginata",1,1,1,0.0225,44.4444444444444,44.4444444444444
"E3",1999,"Heteromastus filiformis",10,10,1,0.0225,444.444444444444,444.444444444444
"E3",1999,"Lanassa venusta",6,6,1,0.0225,266.666666666667,266.666666666667
"E3",1999,"Laphania boecki",1,1,1,0.0225,44.4444444444444,44.4444444444444
"E3",1999,"Leda pernula",1,1,1,0.0225,44.4444444444444,44.4444444444444
"E3",1999,"Leucon acutirostris",26,26,1,0.0225,1155.55555555556,1155.55555555556
"E3",1999,"Levinsenia gracilis",56,56,1,0.0225,2488.88888888889,2488.88888888889
"E3",1999,"Macoma calcarea",24,24,1,0.0225,1066.66666666667,1066.66666666667
"E3",1999,"Maldane sarsi",1,1,1,0.0225,44.4444444444444,44.4444444444444
"E3",1999,"Mediomastus filiformis",10,10,1,0.0225,444.444444444444,444.444444444444
"E3",1999,"Mytilus edulis",8,8,1,0.0225,355.555555555556,355.555555555556
"E3",1999,"Paroediceros lynceus",8,8,1,0.0225,355.555555555556,355.555555555556
"E3",1999,"Phyllodoce maculata",2,2,1,0.0225,88.8888888888889,88.8888888888889
"E3",1999,"Polydora",225,225,1,0.0225,10000,10000
"E3",1999,"Praxillella praetermissa",20,20,1,0.0225,888.888888888889,888.888888888889
"E3",1999,"Priapulus caudatus",1,1,1,0.0225,44.4444444444444,44.4444444444444
"E3",1999,"Protomedeia fasciata",1,1,1,0.0225,44.4444444444444,44.4444444444444
"E3",1999,"Pseudopotamilla reniformis",1,1,1,0.0225,44.4444444444444,44.4444444444444
"E3",1999,"Schistomeringos nigridentata",4,4,1,0.0225,177.777777777778,177.777777777778
"E3",1999,"Scoloplos armiger",8,8,1,0.0225,355.555555555556,355.555555555556
"E3",1999,"Sphaerodoridae",1,1,1,0.0225,44.4444444444444,44.4444444444444
"E3",1999,"Spio",84,84,1,0.0225,3733.33333333333,3733.33333333333
"E3",1999,"Sternaspis scutata",26,26,1,0.0225,1155.55555555556,1155.55555555556
"E3",1999,"Syllis cornuta",7,7,1,0.0225,311.111111111111,311.111111111111
"E3",1999,"Terebellides stroemi",16,16,1,0.0225,711.111111111111,711.111111111111
"E3",1999,"Thyasira flexuosa",4,4,1,0.0225,177.777777777778,177.777777777778
"E3",2013,"Acarina",2,2,3,0.12,16.6666666666667,16.6666666666667
"E3",2013,"Aricidea suecica",8,8,3,0.12,66.6666666666667,66.6666666666667
"E3",2013,"Capitella capitata",2633,2877,3,0.12,21941.6666666667,23975
"E3",2013,"Chaetozone setosa",120,120,3,0.12,1000,1000
"E3",2013,"Cossura longocirrata",1,1,3,0.12,8.33333333333333,8.33333333333333
"E3",2013,"Crassicorophium bonellii",1,1,3,0.12,8.33333333333333,8.33333333333333
"E3",2013,"Eteone longa",6,13,3,0.12,50,108.333333333333
"E3",2013,"Eunoe nodosa",6,6,3,0.12,50,50
"E3",2013,"Harmothoe",14,19,3,0.12,116.666666666667,158.333333333333
"E3",2013,"Harmothoe extenuata",6,6,3,0.12,50,50
"E3",2013,"Levinsenia gracilis",1,1,3,0.12,8.33333333333333,8.33333333333333
"E3",2013,"Microphthalmus aberrans",9,23,3,0.12,75,191.666666666667
"E3",2013,"Ophiuroidea",1,1,3,0.12,8.33333333333333,8.33333333333333
"E3",2013,"Polyplacophora",1,8,3,0.12,8.33333333333333,66.6666666666667
"E3",2013,"Praxillella praetermissa",6,6,3,0.12,50,50
"E3",2013,"Spionidae",80,101,3,0.12,666.666666666667,841.666666666667
"E3",2014,"Ampharete acutifrons",1,1,3,0.12,8.33333333333333,8.33333333333333
"E3",2014,"Amphipoda",1,4,3,0.12,8.33333333333333,33.3333333333333
"E3",2014,"Amphitrite cirrata",8,11,3,0.12,66.6666666666667,91.6666666666667
"E3",2014,"Arctica islandica",1,1,3,0.12,8.33333333333333,8.33333333333333
"E3",2014,"Aricidea suecica",2,8,3,0.12,16.6666666666667,66.6666666666667
"E3",2014,"Asteroidea",1,4,3,0.12,8.33333333333333,33.3333333333333
"E3",2014,"Capitella capitata",7,28,3,0.12,58.3333333333333,233.333333333333
"E3",2014,"Caprellidae",1,4,3,0.12,8.33333333333333,33.3333333333333
"E3",2014,"Chaetozone setosa",48,183,3,0.12,400,1525
"E3",2014,"Ciliatocardium ciliatum ciliatum",2,2,3,0.12,16.6666666666667,16.6666666666667
"E3",2014,"Cirratulus cirratus",2,8,3,0.12,16.6666666666667,66.6666666666667
"E3",2014,"Eteone longa",9,36,3,0.12,75,300
"E3",2014,"Harmothoe",30,117,3,0.12,250,975
"E3",2014,"Hiatella arctica",5,17,3,0.12,41.6666666666667,141.666666666667
"E3",2014,"Lanassa venusta",3,12,3,0.12,25,100
"E3",2014,"Macoma calcarea",6,24,3,0.12,50,200
"E3",2014,"Mediomastus fragilis",12,48,3,0.12,100,400
"E3",2014,"Microphthalmus aberrans",27,108,3,0.12,225,900
"E3",2014,"Mya",8,29,3,0.12,66.6666666666667,241.666666666667
"E3",2014,"Mya arenaria",5,20,3,0.12,41.6666666666667,166.666666666667
"E3",2014,"Mytilidae",18,66,3,0.12,150,550
"E3",2014,"Mytilus edulis",3,3,3,0.12,25,25
"E3",2014,"Naineris quadricuspida",3,12,3,0.12,25,100
"E3",2014,"Nephtyidae",3,3,3,0.12,25,25
"E3",2014,"Nereis pelagica",1,4,3,0.12,8.33333333333333,33.3333333333333
"E3",2014,"Onoba aculeus",2,8,3,0.12,16.6666666666667,66.6666666666667
"E3",2014,"Ophelina acuminata",1,1,3,0.12,8.33333333333333,8.33333333333333
"E3",2014,"Pectinaria granulata",1,1,3,0.12,8.33333333333333,8.33333333333333
"E3",2014,"Pectinaria koreni",2,8,3,0.12,16.6666666666667,66.6666666666667
"E3",2014,"Phyllodoce maculata",4,13,3,0.12,33.3333333333333,108.333333333333
"E3",2014,"Polydora",5,20,3,0.12,41.6666666666667,166.666666666667
"E3",2014,"Praxillella",1,4,3,0.12,8.33333333333333,33.3333333333333
"E3",2014,"Praxillella praetermissa",3,3,3,0.12,25,25
"E3",2014,"Priapulus caudatus",1,1,3,0.12,8.33333333333333,8.33333333333333
"E3",2014,"Protomedeia fasciata",4,16,3,0.12,33.3333333333333,133.333333333333
"E3",2014,"Scoloplos armiger",2,8,3,0.12,16.6666666666667,66.6666666666667
"E3",2014,"Sphaerosyllis erinaceus",2,8,3,0.12,16.6666666666667,66.6666666666667
"E3",2014,"Spionidae",47,188,3,0.12,391.666666666667,1566.66666666667
"E3",2014,"Syllidae",1,1,3,0.12,8.33333333333333,8.33333333333333
"E3",2014,"Tunicata",4,7,3,0.12,33.3333333333333,58.3333333333333
"E3",2015,"Amphipoda",1,4,3,0.12,8.33333333333333,33.3333333333333
"E3",2015,"Amphitrite cirrata",1,1,3,0.12,8.33333333333333,8.33333333333333
"E3",2015,"Apistobranchus tullbergi",1,4,3,0.12,8.33333333333333,33.3333333333333
"E3",2015,"Chaetozone setosa",17,47,3,0.12,141.666666666667,391.666666666667
"E3",2015,"Cirratulus cirratus",6,21,3,0.12,50,175
"E3",2015,"Ennucula tenuis",1,4,3,0.12,8.33333333333333,33.3333333333333
"E3",2015,"Eteone longa",6,18,3,0.12,50,150
"E3",2015,"Flabelligera affinis",1,1,3,0.12,8.33333333333333,8.33333333333333
"E3",2015,"Glycera capitata",1,1,3,0.12,8.33333333333333,8.33333333333333
"E3",2015,"Harmothoe",13,49,3,0.12,108.333333333333,408.333333333333
"E3",2015,"Hiatella arctica",6,18,3,0.12,50,150
"E3",2015,"Lanassa venusta",2,2,3,0.12,16.6666666666667,16.6666666666667
"E3",2015,"Macoma calcarea",22,88,3,0.12,183.333333333333,733.333333333333
"E3",2015,"Mediomastus fragilis",4,16,3,0.12,33.3333333333333,133.333333333333
"E3",2015,"Microphthalmus aberrans",5,20,3,0.12,41.6666666666667,166.666666666667
"E3",2015,"Musculus",1,1,3,0.12,8.33333333333333,8.33333333333333
"E3",2015,"Mya arenaria",4,16,3,0.12,33.3333333333333,133.333333333333
"E3",2015,"Mytilus edulis",4,4,3,0.12,33.3333333333333,33.3333333333333
"E3",2015,"Nepthys",5,5,3,0.12,41.6666666666667,41.6666666666667
"E3",2015,"Nereimyra punctata",1,4,3,0.12,8.33333333333333,33.3333333333333
"E3",2015,"Ophelina acuminata",51,108,3,0.12,425,900
"E3",2015,"Pectinaria granulata",4,4,3,0.12,33.3333333333333,33.3333333333333
"E3",2015,"Pectinaria koreni",1,4,3,0.12,8.33333333333333,33.3333333333333
"E3",2015,"Phyllodoce maculata",4,16,3,0.12,33.3333333333333,133.333333333333
"E3",2015,"Polydora",12,33,3,0.12,100,275
"E3",2015,"Protomedeia fasciata",7,28,3,0.12,58.3333333333333,233.333333333333
"E3",2015,"Scoloplos armiger",9,24,3,0.12,75,200
"E3",2015,"Serripes groenlandicus",1,4,3,0.12,8.33333333333333,33.3333333333333
"E3",2015,"Sphaerosyllis erinaceus",4,16,3,0.12,33.3333333333333,133.333333333333
"E3",2015,"Spionidae",24,87,3,0.12,200,725
"E3",2015,"Syllidae",1,4,3,0.12,8.33333333333333,33.3333333333333
"E3",2015,"Terebellidae",1,4,3,0.12,8.33333333333333,33.3333333333333
"E3",2015,"Tunicata",13,16,3,0.12,108.333333333333,133.333333333333
"E3",2016,"Abra nitida",1,4,3,0.12,8.33333333333333,33.3333333333333
"E3",2016,"Amphipoda",1,4,3,0.12,8.33333333333333,33.3333333333333
"E3",2016,"Amphitrite cirrata",1,1,3,0.12,8.33333333333333,8.33333333333333
"E3",2016,"Arctica islandica",1,4,3,0.12,8.33333333333333,33.3333333333333
"E3",2016,"Aricidea suecica",6,24,3,0.12,50,200
"E3",2016,"Bivalvia",2,8,3,0.12,16.6666666666667,66.6666666666667
"E3",2016,"Capitella capitata",1,4,3,0.12,8.33333333333333,33.3333333333333
"E3",2016,"Chaetozone setosa",10,37,3,0.12,83.3333333333333,308.333333333333
"E3",2016,"Cirratulidae",1,1,3,0.12,8.33333333333333,8.33333333333333
"E3",2016,"Cistenides hyperborea",1,4,3,0.12,8.33333333333333,33.3333333333333
"E3",2016,"Cossura longocirrata",2,8,3,0.12,16.6666666666667,66.6666666666667
"E3",2016,"Cossuridae",2,8,3,0.12,16.6666666666667,66.6666666666667
"E3",2016,"Crassicorophium bonellii",5,20,3,0.12,41.6666666666667,166.666666666667
"E3",2016,"Eteone longa",2,5,3,0.12,16.6666666666667,41.6666666666667
"E3",2016,"Gattyana cirrhosa",1,4,3,0.12,8.33333333333333,33.3333333333333
"E3",2016,"Heteromastus filiformis",8,32,3,0.12,66.6666666666667,266.666666666667
"E3",2016,"Hiatella arctica",1,4,3,0.12,8.33333333333333,33.3333333333333
"E3",2016,"Macoma calcarea",16,64,3,0.12,133.333333333333,533.333333333333
"E3",2016,"Mediomastus fragilis",1,4,3,0.12,8.33333333333333,33.3333333333333
"E3",2016,"Nuculana minuta",2,8,3,0.12,16.6666666666667,66.6666666666667
"E3",2016,"Ophelina acuminata",46,175,3,0.12,383.333333333333,1458.33333333333
"E3",2016,"Orbiniidae",1,4,3,0.12,8.33333333333333,33.3333333333333
"E3",2016,"Phyllodoce maculata",2,8,3,0.12,16.6666666666667,66.6666666666667
"E3",2016,"Polydora",19,73,3,0.12,158.333333333333,608.333333333333
"E3",2016,"Polynoidae",3,12,3,0.12,25,100
"E3",2016,"Praxillella praetermissa",4,16,3,0.12,33.3333333333333,133.333333333333
"E3",2016,"Protomedeia fasciata",1,4,3,0.12,8.33333333333333,33.3333333333333
"E3",2016,"Scalibregma inflatum",6,21,3,0.12,50,175
"E3",2016,"Scoloplos armiger",9,33,3,0.12,75,275
"E3",2016,"Spio",3,6,3,0.12,25,50
"E3",2016,"Spionidae",82,325,3,0.12,683.333333333333,2708.33333333333
"E3",2016,"Syllidae",1,4,3,0.12,8.33333333333333,33.3333333333333
"E3",2016,"Terebellidae",1,4,3,0.12,8.33333333333333,33.3333333333333
"E3",2017,"Ampharetidae",1,4,3,0.12,8.33333333333333,33.3333333333333
"E3",2017,"Amphipoda",2,8,3,0.12,16.6666666666667,66.6666666666667
"E3",2017,"Amphitrite cirrata",1,1,3,0.12,8.33333333333333,8.33333333333333
"E3",2017,"Apistobranchus tullbergi",2,8,3,0.12,16.6666666666667,66.6666666666667
"E3",2017,"Arctica islandica",1,4,3,0.12,8.33333333333333,33.3333333333333
"E3",2017,"Aricidea suecica",1,4,3,0.12,8.33333333333333,33.3333333333333
"E3",2017,"Buccinum undatum",1,1,3,0.12,8.33333333333333,8.33333333333333
"E3",2017,"Caprellidae",1,4,3,0.12,8.33333333333333,33.3333333333333
"E3",2017,"Chaetozone setosa",6,24,3,0.12,50,200
"E3",2017,"Cirratulus cirratus",1,4,3,0.12,8.33333333333333,33.3333333333333
"E3",2017,"Cossura longocirrata",1,4,3,0.12,8.33333333333333,33.3333333333333
"E3",2017,"Crassicorophium bonellii",8,32,3,0.12,66.6666666666667,266.666666666667
"E3",2017,"Dexamine thea",1,4,3,0.12,8.33333333333333,33.3333333333333
"E3",2017,"Ennucula tenuis",1,4,3,0.12,8.33333333333333,33.3333333333333
"E3",2017,"Eteone longa",3,9,3,0.12,25,75
"E3",2017,"Euchone",1,4,3,0.12,8.33333333333333,33.3333333333333
"E3",2017,"Flabelligera affinis",1,4,3,0.12,8.33333333333333,33.3333333333333
"E3",2017,"Gibbula tumida",1,1,3,0.12,8.33333333333333,8.33333333333333
"E3",2017,"Harmothoe",8,26,3,0.12,66.6666666666667,216.666666666667
"E3",2017,"Heteromastus filiformis",1,4,3,0.12,8.33333333333333,33.3333333333333
"E3",2017,"Hiatella arctica",2,5,3,0.12,16.6666666666667,41.6666666666667
"E3",2017,"Lanassa venusta",5,20,3,0.12,41.6666666666667,166.666666666667
"E3",2017,"Macoma calcarea",9,33,3,0.12,75,275
"E3",2017,"Margarites groenlandicus",1,4,3,0.12,8.33333333333333,33.3333333333333
"E3",2017,"Mediomastus filiformis",1,4,3,0.12,8.33333333333333,33.3333333333333
"E3",2017,"Mediomastus fragilis",9,36,3,0.12,75,300
"E3",2017,"Musculus",1,4,3,0.12,8.33333333333333,33.3333333333333
"E3",2017,"Mya arenaria",2,8,3,0.12,16.6666666666667,66.6666666666667
"E3",2017,"Nepthys",4,4,3,0.12,33.3333333333333,33.3333333333333
"E3",2017,"Nicolea zostericola",1,4,3,0.12,8.33333333333333,33.3333333333333
"E3",2017,"Nudibranchia",2,8,3,0.12,16.6666666666667,66.6666666666667
"E3",2017,"Onoba striata",1,4,3,0.12,8.33333333333333,33.3333333333333
"E3",2017,"Ophelina acuminata",1,4,3,0.12,8.33333333333333,33.3333333333333
"E3",2017,"Pectinaria granulata",2,5,3,0.12,16.6666666666667,41.6666666666667
"E3",2017,"Pherusa plumosa",1,4,3,0.12,8.33333333333333,33.3333333333333
"E3",2017,"Polydora",20,68,3,0.12,166.666666666667,566.666666666667
"E3",2017,"Praxillella praetermissa",11,44,3,0.12,91.6666666666667,366.666666666667
"E3",2017,"Protomedeia fasciata",1,4,3,0.12,8.33333333333333,33.3333333333333
"E3",2017,"Sabellida",1,4,3,0.12,8.33333333333333,33.3333333333333
"E3",2017,"Scalibregma inflatum",7,28,3,0.12,58.3333333333333,233.333333333333
"E3",2017,"Scoloplos armiger",18,69,3,0.12,150,575
"E3",2017,"Sphaerosyllis erinaceus",2,8,3,0.12,16.6666666666667,66.6666666666667
"E3",2017,"Spionidae",4,16,3,0.12,33.3333333333333,133.333333333333
"E3",2017,"Terebellidae",1,1,3,0.12,8.33333333333333,8.33333333333333
"E3",2017,"Terebellides stroemii",1,4,3,0.12,8.33333333333333,33.3333333333333
"E3",2017,"Thyasira flexuosa",2,8,3,0.12,16.6666666666667,66.6666666666667
"E4",1999,"Apistobranchus tullbergi",3,3,1,0.0225,133.333333333333,133.333333333333
"E4",1999,"Aricidea (Acmira) cerrutii",4,4,1,0.0225,177.777777777778,177.777777777778
"E4",1999,"Caprella septentrionalis",16,16,1,0.0225,711.111111111111,711.111111111111
"E4",1999,"Chaetozone setosa",5,5,1,0.0225,222.222222222222,222.222222222222
"E4",1999,"Crassicorophium bonellii",2,2,1,0.0225,88.8888888888889,88.8888888888889
"E4",1999,"Ennucula tenuis",1,1,1,0.0225,44.4444444444444,44.4444444444444
"E4",1999,"Eteone longa",1,1,1,0.0225,44.4444444444444,44.4444444444444
"E4",1999,"Heteromastus filiformis",1,1,1,0.0225,44.4444444444444,44.4444444444444
"E4",1999,"Laphania boecki",1,1,1,0.0225,44.4444444444444,44.4444444444444
"E4",1999,"Leucon acutirostris",1,1,1,0.0225,44.4444444444444,44.4444444444444
"E4",1999,"Levinsenia gracilis",2,2,1,0.0225,88.8888888888889,88.8888888888889
"E4",1999,"Macoma calcarea",7,7,1,0.0225,311.111111111111,311.111111111111
"E4",1999,"Pectinaria granulata",1,1,1,0.0225,44.4444444444444,44.4444444444444
"E4",1999,"Pholoe minuta",1,1,1,0.0225,44.4444444444444,44.4444444444444
"E4",1999,"Polydora",37,37,1,0.0225,1644.44444444444,1644.44444444444
"E4",1999,"Praxillella praetermissa",5,5,1,0.0225,222.222222222222,222.222222222222
"E4",1999,"Scalibregma inflatum",1,1,1,0.0225,44.4444444444444,44.4444444444444
"E4",1999,"Scoloplos armiger",3,3,1,0.0225,133.333333333333,133.333333333333
"E4",1999,"Spio",4,4,1,0.0225,177.777777777778,177.777777777778
"E4",1999,"Sternaspis scutata",4,4,1,0.0225,177.777777777778,177.777777777778
"E4",1999,"Syllis gracilis",1,1,1,0.0225,44.4444444444444,44.4444444444444
"E4",1999,"Terebellides stroemi",3,3,1,0.0225,133.333333333333,133.333333333333
"E4",2013,"Bivalvia",1,1,3,0.12,8.33333333333333,8.33333333333333
"E4",2013,"Capitella capitata",1172,2530,3,0.12,9766.66666666667,21083.3333333333
"E4",2013,"Mediomastus fragilis",1,1,3,0.12,8.33333333333333,8.33333333333333
"E4",2013,"Spionidae",1,1,3,0.12,8.33333333333333,8.33333333333333
"E4",2014,"Arenicola marina",1,4,3,0.12,8.33333333333333,33.3333333333333
"E4",2014,"Capitella capitata",68,170,3,0.12,566.666666666667,1416.66666666667
"E4",2014,"Chaetozone setosa",16,22,3,0.12,133.333333333333,183.333333333333
"E4",2014,"Cirratulus cirratus",4,4,3,0.12,33.3333333333333,33.3333333333333
"E4",2014,"Dodecaceria concharum",1,4,3,0.12,8.33333333333333,33.3333333333333
"E4",2014,"Eteone longa",17,44,3,0.12,141.666666666667,366.666666666667
"E4",2014,"Harmothoe",5,11,3,0.12,41.6666666666667,91.6666666666667
"E4",2014,"Malacoceros fuliginosus",5,14,3,0.12,41.6666666666667,116.666666666667
"E4",2014,"Mediomastus fragilis",6,6,3,0.12,50,50
"E4",2014,"Microphthalmus aberrans",19,61,3,0.12,158.333333333333,508.333333333333
"E4",2014,"Mya arenaria",3,3,3,0.12,25,25
"E4",2014,"Naineris quadricuspida",3,3,3,0.12,25,25
"E4",2014,"Phyllodoce maculata",1,4,3,0.12,8.33333333333333,33.3333333333333
"E4",2014,"Polydora",5,5,3,0.12,41.6666666666667,41.6666666666667
"E4",2014,"Priapulus caudatus",1,1,3,0.12,8.33333333333333,8.33333333333333
"E4",2014,"Protomedeia fasciata",3,9,3,0.12,25,75
"E4",2014,"Sabellida",1,1,3,0.12,8.33333333333333,8.33333333333333
"E4",2014,"Scoloplos armiger",5,8,3,0.12,41.6666666666667,66.6666666666667
"E4",2014,"Spionidae",31,37,3,0.12,258.333333333333,308.333333333333
"E4",2014,"Syllis cornuta",1,1,3,0.12,8.33333333333333,8.33333333333333
"E4",2014,"Terebellidae",1,1,3,0.12,8.33333333333333,8.33333333333333
"E4",2015,"Apistobranchus tullbergi",1,4,3,0.12,8.33333333333333,33.3333333333333
"E4",2015,"Arctica islandica",1,4,3,0.12,8.33333333333333,33.3333333333333
"E4",2015,"Aricidea suecica",1,4,3,0.12,8.33333333333333,33.3333333333333
"E4",2015,"Chaetozone setosa",20,50,3,0.12,166.666666666667,416.666666666667
"E4",2015,"Cossura longocirrata",2,8,3,0.12,16.6666666666667,66.6666666666667
"E4",2015,"Eteone longa",5,20,3,0.12,41.6666666666667,166.666666666667
"E4",2015,"Euchone",2,8,3,0.12,16.6666666666667,66.6666666666667
"E4",2015,"Galathowenia oculata",1,1,3,0.12,8.33333333333333,8.33333333333333
"E4",2015,"Harmothoe",3,9,3,0.12,25,75
"E4",2015,"Macoma calcarea",17,65,3,0.12,141.666666666667,541.666666666667
"E4",2015,"Maldanidae",2,2,3,0.12,16.6666666666667,16.6666666666667
"E4",2015,"Mediomastus fragilis",23,71,3,0.12,191.666666666667,591.666666666667
"E4",2015,"Microphthalmus aberrans",3,9,3,0.12,25,75
"E4",2015,"Mya arenaria",3,12,3,0.12,25,100
"E4",2015,"Nepthys",2,2,3,0.12,16.6666666666667,16.6666666666667
"E4",2015,"Ophelina acuminata",17,50,3,0.12,141.666666666667,416.666666666667
"E4",2015,"Parougia nigridentata",1,4,3,0.12,8.33333333333333,33.3333333333333
"E4",2015,"Pholoe",2,8,3,0.12,16.6666666666667,66.6666666666667
"E4",2015,"Polydora",31,100,3,0.12,258.333333333333,833.333333333333
"E4",2015,"Praxillella praetermissa",5,5,3,0.12,41.6666666666667,41.6666666666667
"E4",2015,"Protomedeia fasciata",1,4,3,0.12,8.33333333333333,33.3333333333333
"E4",2015,"Scalibregma inflatum",1,1,3,0.12,8.33333333333333,8.33333333333333
"E4",2015,"Sipunculida",1,1,3,0.12,8.33333333333333,8.33333333333333
"E4",2015,"Spionidae",14,53,3,0.12,116.666666666667,441.666666666667
"E4",2015,"Terebellidae",2,8,3,0.12,16.6666666666667,66.6666666666667
"E4",2016,"Abra nitida",2,5,3,0.12,16.6666666666667,41.6666666666667
"E4",2016,"Acanthocardia tuberculata",1,4,3,0.12,8.33333333333333,33.3333333333333
"E4",2016,"Amphipoda",21,81,3,0.12,175,675
"E4",2016,"Arctica islandica",2,8,3,0.12,16.6666666666667,66.6666666666667
"E4",2016,"Aricidea suecica",1,4,3,0.12,8.33333333333333,33.3333333333333
"E4",2016,"Bivalvia",4,4,3,0.12,33.3333333333333,33.3333333333333
"E4",2016,"Capitella capitata",1,4,3,0.12,8.33333333333333,33.3333333333333
"E4",2016,"Capitellidae",1,1,3,0.12,8.33333333333333,8.33333333333333
"E4",2016,"Chaetozone setosa",11,38,3,0.12,91.6666666666667,316.666666666667
"E4",2016,"Cirratulus cirratus",3,6,3,0.12,25,50
"E4",2016,"Crassicorophium bonellii",2,8,3,0.12,16.6666666666667,66.6666666666667
"E4",2016,"Cumacea",2,8,3,0.12,16.6666666666667,66.6666666666667
"E4",2016,"Eteone longa",16,55,3,0.12,133.333333333333,458.333333333333
"E4",2016,"Eunoe nodosa",3,12,3,0.12,25,100
"E4",2016,"Harmothoe imbricata",2,5,3,0.12,16.6666666666667,41.6666666666667
"E4",2016,"Heteromastus filiformis",11,44,3,0.12,91.6666666666667,366.666666666667
"E4",2016,"Hiatella arctica",1,4,3,0.12,8.33333333333333,33.3333333333333
"E4",2016,"Levinsenia gracilis",1,4,3,0.12,8.33333333333333,33.3333333333333
"E4",2016,"Macoma calcarea",30,78,3,0.12,250,650
"E4",2016,"Maldanidae",2,8,3,0.12,16.6666666666667,66.6666666666667
"E4",2016,"Mediomastus fragilis",2,8,3,0.12,16.6666666666667,66.6666666666667
"E4",2016,"Microphthalmus aberrans",9,36,3,0.12,75,300
"E4",2016,"Nephtys",2,2,3,0.12,16.6666666666667,16.6666666666667
"E4",2016,"Ophelina acuminata",60,204,3,0.12,500,1700
"E4",2016,"Ophiuroidea",1,4,3,0.12,8.33333333333333,33.3333333333333
"E4",2016,"Paraonidae",1,1,3,0.12,8.33333333333333,8.33333333333333
"E4",2016,"Phyllodoce maculata",2,8,3,0.12,16.6666666666667,66.6666666666667
"E4",2016,"Phyllodocida",1,4,3,0.12,8.33333333333333,33.3333333333333
"E4",2016,"Polydora",104,329,3,0.12,866.666666666667,2741.66666666667
"E4",2016,"Polynoidae",2,8,3,0.12,16.6666666666667,66.6666666666667
"E4",2016,"Praxillella praetermissa",1,1,3,0.12,8.33333333333333,8.33333333333333
"E4",2016,"Scalibregma inflatum",9,33,3,0.12,75,275
"E4",2016,"Scoloplos armiger",15,45,3,0.12,125,375
"E4",2016,"Sphaerosyllis",1,1,3,0.12,8.33333333333333,8.33333333333333
"E4",2016,"Spio",1,4,3,0.12,8.33333333333333,33.3333333333333
"E4",2016,"Spionidae",108,402,3,0.12,900,3350
"E4",2016,"Terebellidae",4,16,3,0.12,33.3333333333333,133.333333333333
"E4",2016,"Terebelliformia",1,1,3,0.12,8.33333333333333,8.33333333333333
"E4",2017,"Abra nitida",10,40,3,0.12,83.3333333333333,333.333333333333
"E4",2017,"Ampharete acutifrons",1,4,3,0.12,8.33333333333333,33.3333333333333
"E4",2017,"Ampharetidae",1,4,3,0.12,8.33333333333333,33.3333333333333
"E4",2017,"Amphipoda",3,9,3,0.12,25,75
"E4",2017,"Arctica islandica",6,24,3,0.12,50,200
"E4",2017,"Aricidea suecica",3,12,3,0.12,25,100
"E4",2017,"Asteroidea",1,4,3,0.12,8.33333333333333,33.3333333333333
"E4",2017,"Buccinum undatum",1,1,3,0.12,8.33333333333333,8.33333333333333
"E4",2017,"Chaetozone setosa",2,8,3,0.12,16.6666666666667,66.6666666666667
"E4",2017,"Cossura pygodactylata",6,24,3,0.12,50,200
"E4",2017,"Crassicorophium bonellii",25,100,3,0.12,208.333333333333,833.333333333333
"E4",2017,"Cumacea",1,4,3,0.12,8.33333333333333,33.3333333333333
"E4",2017,"Eteone longa",9,33,3,0.12,75,275
"E4",2017,"Galathowenia oculata",1,4,3,0.12,8.33333333333333,33.3333333333333
"E4",2017,"Harmothoe",4,16,3,0.12,33.3333333333333,133.333333333333
"E4",2017,"Hiatella arctica",4,16,3,0.12,33.3333333333333,133.333333333333
"E4",2017,"Lanassa venusta",1,4,3,0.12,8.33333333333333,33.3333333333333
"E4",2017,"Macoma calcarea",20,71,3,0.12,166.666666666667,591.666666666667
"E4",2017,"Maldanidae",1,1,3,0.12,8.33333333333333,8.33333333333333
"E4",2017,"Mediomastus fragilis",20,80,3,0.12,166.666666666667,666.666666666667
"E4",2017,"Microphthalmus aberrans",5,20,3,0.12,41.6666666666667,166.666666666667
"E4",2017,"Mya arenaria",15,57,3,0.12,125,475
"E4",2017,"Naticidae",1,4,3,0.12,8.33333333333333,33.3333333333333
"E4",2017,"Nepthys",2,2,3,0.12,16.6666666666667,16.6666666666667
"E4",2017,"Ophelina acuminata",22,88,3,0.12,183.333333333333,733.333333333333
"E4",2017,"Parvicardium pinnulatum",4,16,3,0.12,33.3333333333333,133.333333333333
"E4",2017,"Pholoe",1,4,3,0.12,8.33333333333333,33.3333333333333
"E4",2017,"Phyllodoce maculata",14,50,3,0.12,116.666666666667,416.666666666667
"E4",2017,"Polydora",339,1314,3,0.12,2825,10950
"E4",2017,"Praxillella praetermissa",12,45,3,0.12,100,375
"E4",2017,"Priapulus caudatus",1,4,3,0.12,8.33333333333333,33.3333333333333
"E4",2017,"Protomedeia fasciata",28,112,3,0.12,233.333333333333,933.333333333333
"E4",2017,"Scalibregma inflatum",6,12,3,0.12,50,100
"E4",2017,"Scoloplos armiger",25,100,3,0.12,208.333333333333,833.333333333333
"E4",2017,"Sphaerosyllis erinaceus",2,8,3,0.12,16.6666666666667,66.6666666666667
"E4",2017,"Spio",3,12,3,0.12,25,100
"E4",2017,"Spionidae",21,81,3,0.12,175,675
"E4",2017,"Thyasira flexuosa",2,8,3,0.12,16.6666666666667,66.6666666666667
"U1",2013,"Acarina",2,16,3,0.12,16.6666666666667,133.333333333333
"U1",2013,"Ampharete",1,1,3,0.12,8.33333333333333,8.33333333333333
"U1",2013,"Ampharete acutifrons",1,1,3,0.12,8.33333333333333,8.33333333333333
"U1",2013,"Amphipoda",1,1,3,0.12,8.33333333333333,8.33333333333333
"U1",2013,"Amphitrite affinis",1,1,3,0.12,8.33333333333333,8.33333333333333
"U1",2013,"Amphitrite cirrata",1,1,3,0.12,8.33333333333333,8.33333333333333
"U1",2013,"Arenicola marina",1,1,3,0.12,8.33333333333333,8.33333333333333
"U1",2013,"Aricidea suecica",1,1,3,0.12,8.33333333333333,8.33333333333333
"U1",2013,"Ascidiacea",5,26,3,0.12,41.6666666666667,216.666666666667
"U1",2013,"Astarte borealis",1,8,3,0.12,8.33333333333333,66.6666666666667
"U1",2013,"Asteroidea",2,2,3,0.12,16.6666666666667,16.6666666666667
"U1",2013,"Axionice maculata",1,1,3,0.12,8.33333333333333,8.33333333333333
"U1",2013,"Brada inhabilis",2,9,3,0.12,16.6666666666667,75
"U1",2013,"Capitella capitata",10,27,3,0.12,83.3333333333333,225
"U1",2013,"Chaetozone setosa",12,43,3,0.12,100,358.333333333333
"U1",2013,"Cirratulus cirratus",4,25,3,0.12,33.3333333333333,208.333333333333
"U1",2013,"Crassicorophium bonellii",30,152,3,0.12,250,1266.66666666667
"U1",2013,"Crenella",3,24,3,0.12,25,200
"U1",2013,"Cumacea",4,14,3,0.12,33.3333333333333,116.666666666667
"U1",2013,"Dodecaceria concharum",3,24,3,0.12,25,200
"U1",2013,"Eteone longa",2,2,3,0.12,16.6666666666667,16.6666666666667
"U1",2013,"Eupolymnia nesidensis",16,16,3,0.12,133.333333333333,133.333333333333
"U1",2013,"Exogone verugera",3,3,3,0.12,25,25
"U1",2013,"Flabelligera affinis???",1,1,3,0.12,8.33333333333333,8.33333333333333
"U1",2013,"Gattyana cirrhosa",4,4,3,0.12,33.3333333333333,33.3333333333333
"U1",2013,"Harmothoe",23,68,3,0.12,191.666666666667,566.666666666667
"U1",2013,"Harmothoe extenuata",7,35,3,0.12,58.3333333333333,291.666666666667
"U1",2013,"Harmothoe imbricata",15,57,3,0.12,125,475
"U1",2013,"Henricia sanguinolenta",4,32,3,0.12,33.3333333333333,266.666666666667
"U1",2013,"Hiatella arctica",1,8,3,0.12,8.33333333333333,66.6666666666667
"U1",2013,"Hyas araneus",1,1,3,0.12,8.33333333333333,8.33333333333333
"U1",2013,"Lepeta caeca",1,8,3,0.12,8.33333333333333,66.6666666666667
"U1",2013,"Lepidonotus squamatus",4,11,3,0.12,33.3333333333333,91.6666666666667
"U1",2013,"Macoma calcarea",1,8,3,0.12,8.33333333333333,66.6666666666667
"U1",2013,"Microphthalmus aberrans",1,1,3,0.12,8.33333333333333,8.33333333333333
"U1",2013,"Moelleria costulata",2,16,3,0.12,16.6666666666667,133.333333333333
"U1",2013,"Musculus",5,40,3,0.12,41.6666666666667,333.333333333333
"U1",2013,"Nephtyidae",1,1,3,0.12,8.33333333333333,8.33333333333333
"U1",2013,"Nereimyra punctata",4,11,3,0.12,33.3333333333333,91.6666666666667
"U1",2013,"Ophiuroidea",28,42,3,0.12,233.333333333333,350
"U1",2013,"Pectinaria granulata",6,6,3,0.12,50,50
"U1",2013,"Pholoe",1,1,3,0.12,8.33333333333333,8.33333333333333
"U1",2013,"Phyllodoce maculata",3,3,3,0.12,25,25
"U1",2013,"Phyllodocidae",1,1,3,0.12,8.33333333333333,8.33333333333333
"U1",2013,"Polycirrinae",2,16,3,0.12,16.6666666666667,133.333333333333
"U1",2013,"Polyplacophora",19,26,3,0.12,158.333333333333,216.666666666667
"U1",2013,"Praxillella praetermissa",5,5,3,0.12,41.6666666666667,41.6666666666667
"U1",2013,"Protomedeia fasciata",1,8,3,0.12,8.33333333333333,66.6666666666667
"U1",2013,"Pycnogonida",15,50,3,0.12,125,416.666666666667
"U1",2013,"Sabellida",3,24,3,0.12,25,200
"U1",2013,"Scoloplos armiger",4,4,3,0.12,33.3333333333333,33.3333333333333
"U1",2013,"Sphaerosyllis erinaceus",4,4,3,0.12,33.3333333333333,33.3333333333333
"U1",2013,"Spionidae",88,351,3,0.12,733.333333333333,2925
"U1",2013,"Syllidae",7,37,3,0.12,58.3333333333333,308.333333333333
"U1",2013,"Terebellidae",1,8,3,0.12,8.33333333333333,66.6666666666667
"U1",2013,"Typosyllis armillaris",1,8,3,0.12,8.33333333333333,66.6666666666667
"U2",2013,"Arctica islandica",4,4,3,0.12,33.3333333333333,33.3333333333333
"U2",2013,"Aricidea suecica",2,16,3,0.12,16.6666666666667,133.333333333333
"U2",2013,"Brada villosa",1,1,3,0.12,8.33333333333333,8.33333333333333
"U2",2013,"Capitella capitata",877,1234,3,0.12,7308.33333333333,10283.3333333333
"U2",2013,"Chaetozone setosa",119,147,3,0.12,991.666666666667,1225
"U2",2013,"Cossura longocirrata",21,119,3,0.12,175,991.666666666667
"U2",2013,"Eteone longa",10,17,3,0.12,83.3333333333333,141.666666666667
"U2",2013,"Exogone hebes",3,24,3,0.12,25,200
"U2",2013,"Exogone verugera",8,22,3,0.12,66.6666666666667,183.333333333333
"U2",2013,"Galathowenia oculata",2,2,3,0.12,16.6666666666667,16.6666666666667
"U2",2013,"Harmothoe",11,53,3,0.12,91.6666666666667,441.666666666667
"U2",2013,"Harmothoe imbricata",2,2,3,0.12,16.6666666666667,16.6666666666667
"U2",2013,"Heteromastus filiformis",1,1,3,0.12,8.33333333333333,8.33333333333333
"U2",2013,"Lanassa venusta",6,6,3,0.12,50,50
"U2",2013,"Levinsenia gracilis",5,19,3,0.12,41.6666666666667,158.333333333333
"U2",2013,"Macoma calcarea",27,34,3,0.12,225,283.333333333333
"U2",2013,"Maldanidae",1,1,3,0.12,8.33333333333333,8.33333333333333
"U2",2013,"Mediomastus filiformis",2,2,3,0.12,16.6666666666667,16.6666666666667
"U2",2013,"Mediomastus fragilis",6,20,3,0.12,50,166.666666666667
"U2",2013,"Microphthalmus aberrans",4,11,3,0.12,33.3333333333333,91.6666666666667
"U2",2013,"Myriochele oculata",1,1,3,0.12,8.33333333333333,8.33333333333333
"U2",2013,"Nephtyidae",5,5,3,0.12,41.6666666666667,41.6666666666667
"U2",2013,"Ophryotrocha cosmetandra",1,1,3,0.12,8.33333333333333,8.33333333333333
"U2",2013,"Orbiniidae",1,1,3,0.12,8.33333333333333,8.33333333333333
"U2",2013,"Phyllodocidae",1,8,3,0.12,8.33333333333333,66.6666666666667
"U2",2013,"Praxillella praetermissa",30,51,3,0.12,250,425
"U2",2013,"Rhodine gracilior",1,1,3,0.12,8.33333333333333,8.33333333333333
"U2",2013,"Scoloplos armiger",33,54,3,0.12,275,450
"U2",2013,"Sphaerosyllis erinaceus",1,8,3,0.12,8.33333333333333,66.6666666666667
"U2",2013,"Spionidae",57,106,3,0.12,475,883.333333333333
"U2",2013,"Sternaspis scutata",15,15,3,0.12,125,125
"U2",2013,"Syllis cornuta",2,2,3,0.12,16.6666666666667,16.6666666666667
